<?xml version="1.0" encoding="UTF-8" standalone="yes"?>
<addon id="plugin.audio.akado.radio"
       name="akado.radio"
       version="1.0.5"
       provider-name="HD-Lab Team">
  <requires>
    <import addon="xbmc.python" version="2.25.0"/>
  </requires>
  <extension point="xbmc.python.pluginsource"
            library="default.py">
        <provides>audio</provides>
  </extension>
  <extension point="xbmc.addon.metadata">
    <platform>all</platform>
    <summary>АКАДО.Радио</summary>
    <description>АКАДО.Радио</description>
  </extension>
</addon>
