<?xml version="1.0" encoding="UTF-8" standalone="yes"?>
<addon id="plugin.audio.101"
       name="101.RU"
       version="0.1.3"
       provider-name="MazurokNN">
  <requires>
    <import addon="xbmc.python" version="2.25.0"/>
  </requires>
  <extension point="xbmc.python.pluginsource"
            library="default.py">
        <provides>audio</provides>
  </extension>	
  <extension point="xbmc.addon.metadata">
    <platform>all</platform>
    <summary>101.RU Онлайн радио</summary>
    <description lang="ru">Радио с сайта http://www.101.ru</description>
  </extension>
</addon>
